,0
0,-282.415435077
1,11.6851002558
2,26.4058842826
3,15.6536980077
4,18.6000307759
5,24.0903529194
6,20.3822467232
7,16.3245842527
8,20.3312357259
9,21.3548182142
10,21.479906528
11,20.395666038
12,20.6993378715
13,20.1085146914
14,20.5994198573
15,20.660401134
16,20.0526597598
17,20.5902803156
18,20.9528439333
19,21.0261837777
20,21.3908687601
21,21.8474705187
22,21.9793729511
23,21.8306871302
24,21.7864799995
25,21.7923353243
26,21.6539644543
27,21.8531528305
28,21.9557587281
29,21.7310622369
30,21.8867587261
31,21.753093702
32,21.8176873659
33,21.8572828984
34,21.659491658
35,21.8185122521
36,21.66345448
37,21.6951063163
38,21.6283176219
39,21.7882460727
40,21.8822342955
41,21.8860949735
42,21.5060473608
43,21.4812269647
44,21.5032256104
45,21.7153312456
46,21.7290493921
47,22.1768991283
48,22.2823091978
49,22.2040162133
50,22.2462553591
51,22.4727205835
52,22.8602088797
53,23.0415679999
54,23.7208123829
55,23.7763062074
56,23.7967533204
57,23.371210404
58,23.1228207136
59,22.9169658743
60,22.3819010036
61,21.8176710914
62,21.5919364012
63,21.5644040588
64,21.808430747
65,21.7011804134
66,22.0058454872
67,21.9972980962
68,21.7600844067
69,21.4669542232
70,21.2052782958
71,21.2399919272
72,21.1512144724
73,21.4051504503
74,21.4187176059
75,21.234622409
76,21.3982162287
77,21.4616580074
78,21.5213994664
79,21.123508684
80,21.4991800343
81,21.5261584728
82,21.676920052
83,21.7981879047
84,21.3460628093
85,21.5055239295
86,21.2233128342
87,21.4666924458
88,21.6218214102
89,21.5908517842
90,21.5392203
91,21.684680265
92,21.7075959222
93,21.4776886
94,21.7559819125
95,21.946368716
96,22.1145609078
97,22.3660010999
98,22.4465113865
99,22.0948851705
100,22.1643126156
101,22.2552925957
102,22.1604937192
103,21.8398035765
104,21.3314340739
105,21.3471478203
106,21.2127177881
107,21.5794371805
108,21.6209508894
109,21.5219914428
110,21.6251922805
111,21.456991083
112,21.0327678083
113,21.4595665029
114,21.0947735086
115,21.3776372745
116,21.4521985757
117,20.9179780306
118,21.5632895049
119,21.2140634457
120,21.3041938251
121,21.54926378
122,21.4062408209
123,21.3635704993
124,21.4372378089
125,21.4329802057
126,21.4700184507
127,21.5337089163
128,21.3293819953
129,21.6029387827
130,21.6641241193
131,21.421025636
132,21.2984972443
133,21.7123967954
134,21.6213324185
135,21.7907105372
136,22.0229906425
137,21.9223391889
138,21.7227721414
139,22.0096406588
140,22.4242657161
141,22.6129110101
142,22.7448355494
143,22.9263459582
144,23.2010812744
145,23.2944408157
146,23.3292508851
147,23.2827340585
148,22.9539246551
149,22.8372154938
150,22.6701370873
151,22.5245917541
152,22.2837493126
153,22.4953439403
154,22.7285909192
155,22.6560774602
156,22.4968037095
157,22.3860338487
158,22.3632593003
159,22.6168415567
160,23.2297476005
161,23.0219697509
162,23.0722978448
163,23.3022642247
164,23.3366924482
165,23.1183495594
166,22.5206362262
167,21.3305424179
168,21.527098425
169,21.9751249043
170,21.9528430893
171,22.576951566
172,22.977401019
173,22.7893144748
174,22.9268367986
175,23.1044508577
176,23.5451625144
177,23.4183668352
178,23.3494198211
179,22.9502495286
180,22.66607376
181,22.7794182162
182,22.913537643
183,23.0631752979
184,23.3292811039
185,23.3219024767
186,23.4784665132
187,23.7849186813
188,23.3297065724
189,23.0528638285
190,22.907422838
191,22.961527745
192,22.9939928754
193,22.7132788985
194,22.9016383941
195,22.9535961713
196,23.0928596791
197,23.2442263692
198,23.2399275716
199,24.1562999653
200,24.0378691174
201,25.2005888853
202,25.6868301886
203,25.7662264996
204,22.7218751374
205,23.138085721
206,23.0433540525
207,22.7554558456
208,22.866150537
209,23.1320054824
210,23.3524183864
211,23.2986638513
212,23.3289605088
213,23.2102471399
214,23.0896124703
215,23.1518836999
216,22.9428316477
217,23.0955213253
218,23.1030445244
219,23.1205043426
220,23.8454622806
221,23.6138623503
222,23.8062838384
223,24.379109782
224,24.3531263998
225,24.6167064879
226,24.7863335593
227,25.267601906
228,25.7244711614
229,25.403465282
230,24.9294093792
231,26.1288439951
232,25.8101048758
233,24.3609041236
234,25.3050071848
235,24.5956375155
236,24.3708302129
237,24.8766610331
238,24.6386128197
239,24.7007310255
240,24.4427305784
241,24.5061087374
242,24.2890710067
243,24.4751904111
244,24.7665240749
245,24.7687915836
246,25.2442677147
247,25.5179717029
248,25.4444789398
249,25.4636025801
250,25.6249156992
251,25.4328606306
252,25.7971226952
253,25.2251898731
254,25.6761491688
255,26.9325882282
256,25.6996834622
257,26.0549747659
258,26.2979359065
259,24.9823451372
260,26.7039229567
261,24.769228855
262,26.8957844942
263,25.4960026258
264,25.6807408528
265,25.5807072473
266,24.7415564356
267,26.6689980809
268,26.4666391796
269,25.5935706093
270,28.0957781438
271,27.0922028016
272,27.5031786918
273,26.9947664376
274,27.1210252771
275,26.615583468
276,26.6276894851
277,26.6535960558
278,26.2901914233
279,26.2501350496
280,26.4555006724
281,26.4247239032
282,26.6272865183
283,26.160789233
284,26.2569489841
285,26.3429304761
286,26.8504317848
287,27.043935521
288,26.8871007881
289,26.8238274513
290,26.8459505694
291,27.0357718056
292,26.4766308341
293,26.8453085489
294,27.4315612729
295,27.899254088
296,27.7057021296
297,27.3115320263
298,27.7746934888
299,28.2722419379
300,28.4599758575
301,28.6373643974
302,26.9992073577
303,26.3745278438
304,27.0364148485
305,26.0081747073
306,26.0925353146
307,26.0599537004
308,26.6164514341
309,26.3539370325
310,26.2752908969
311,26.4132263395
312,25.9678615598
313,26.2958864705
314,26.2746570529
315,26.404246701
316,26.0535124701
317,26.2803236016
318,25.8642360134
319,26.2967153661
320,25.9995083057
321,26.5610916609
322,25.9741599104
323,25.3989281092
324,24.0295745379
325,24.4886610784
326,24.2197914513
327,24.1277123811
328,26.6655025763
329,26.3665094884
330,26.179965936
331,26.286925853
332,26.0036452824
333,25.6940637008
334,25.3596640626
335,26.5017822686
336,25.8126523536
337,26.0528271007
338,26.3280315673
339,25.3653870973
340,26.0012901689
341,25.9611292382
342,26.4452462702
343,26.52377424
344,25.6332463683
345,26.0695655024
346,25.3318988137
347,26.1233484254
348,25.2242328834
349,25.1008540363
350,24.2217975168
351,25.3418475566
352,25.0626853111
353,25.0328910482
354,25.4426411893
355,26.1507012287
356,26.0359714381
357,25.6677131779
358,26.9083680704
359,25.6209321668
360,26.6863790028
361,26.3687259766
362,26.1700681121
363,26.5898137171
364,25.4174495321
365,25.8578719624
366,25.2716842464
367,25.5862333284
368,24.3106516268
369,24.7527704378
370,23.8723699887
371,24.1959668036
372,23.7798398182
373,23.6706655741
374,23.6646668737
375,23.7426376479
376,23.7663936905
377,23.2433086506
378,23.3342688946
379,23.1894433693
380,23.1098339319
381,23.3249628486
382,25.3682030115
383,25.2844815415
384,25.5347345774
385,26.2594903436
386,26.6969860636
387,26.5008296608
388,26.1973782473
389,26.1067255545
390,26.6195035442
391,26.566338229
392,26.7016213232
393,26.7607853488
394,26.7042403547
395,26.6539878138
396,26.8086649498
397,26.7155533623
398,26.6935111235
399,26.3060840868
400,26.0534151996
401,26.3275193495
402,26.1003048002
403,25.8957701433
404,25.8116338484
405,26.3239324306
406,26.1550044427
407,26.4654175707
408,26.6319554941
409,26.6539748937
410,26.5113750944
411,26.4943814075
412,26.6062158798
413,26.842869564
414,26.8570458244
415,27.1782483255
416,27.0054759961
417,26.5076354105
418,26.6063581109
419,26.2162779027
420,26.5306190027
421,26.544566532
422,26.6882281591
423,26.6570895079
424,26.5006149811
425,26.5225201627
426,26.2811049913
427,26.284193241
428,25.8503149989
429,25.960369157
430,25.3299426661
431,25.6464035349
432,24.9380120325
433,24.2648687506
434,24.8143088705
435,24.2951201538
436,23.5160478803
437,23.6985939235
438,23.5829566903
439,23.3986843181
440,23.7311489413
441,24.0396766284
442,23.936975135
443,24.1887999527
444,24.4810340591
445,25.6713920779
446,25.9749935988
447,25.8918890892
448,25.8505288963
449,24.4748132006
450,24.834116088
451,23.7658031581
452,23.5987143597
453,23.5242330946
454,23.7414936216
455,25.8551539701
456,25.7729208609
457,26.3428409016
458,25.313601565
459,26.3291614219
460,26.1862018703
461,25.5758477388
462,25.9860891848
463,25.1173087487
464,26.5932709205
465,25.7801770941
466,26.3022233041
467,26.1209439646
468,25.1507027227
469,26.2908605135
470,25.7922285928
471,26.1254798716
472,26.2625094857
473,26.2825357255
474,27.0130900701
475,26.1805933925
476,26.9301171594
477,26.5738917603
478,26.053053456
479,26.6946102575
480,26.5690459282
481,26.6879780246
482,26.5489173896
483,26.6716366729
484,26.5544640259
485,26.5590895865
486,26.0693475675
487,25.620210716
488,25.5724111075
489,25.375711806
490,25.4059342843
491,24.1706443469
492,26.0666720792
493,24.808424773
494,23.6475236177
495,23.8871508929
496,23.6110504749
497,23.7484481574
498,24.053031866
499,24.4731768463
500,23.9196572044
501,23.8424891062
502,24.4355255409
503,24.7894044752
504,24.313723968
505,23.8592740304
506,23.7780211654
507,24.529317503
508,25.752666435
509,27.095012799
510,24.9058315716
511,26.6905062377
512,26.4451132858
513,26.0720705186
514,26.3767058322
515,24.7712548662
516,26.7366453357
517,24.061494722
518,25.8286573709
519,23.5903926859
520,23.3457125235
521,23.0161585567
522,25.0834943493
523,25.4388107925
524,25.6254076012
525,25.1814602336
526,25.9630449527
527,25.5097500454
528,25.6055055477
529,25.6064404983
530,24.7866693145
531,25.6172769018
532,23.9976858491
533,23.5321264364
534,23.5675460578
535,23.4422739102
536,23.0574086598
537,23.032858966
538,22.5606426664
539,22.6343804962
540,22.6780043813
541,22.3696302626
542,22.1013078234
543,22.0769438904
544,21.9527369724
545,22.1453851416
546,22.4677672251
547,22.5114698328
548,22.1770481804
549,21.4733783566
550,21.5714387857
551,21.8973538726
552,21.8469125041
553,21.7554658131
554,21.8856918919
555,23.0834413078
556,25.0127097448
557,24.2827500183
558,24.3253826978
559,25.0800410847
560,24.9614963105
561,25.5521233558
562,24.1634776031
563,23.8848831492
564,24.0807417774
565,23.7475323922
566,24.5227152779
567,24.983353511
568,26.140941669
569,26.2357468433
570,25.9497268316
571,25.1666081705
572,25.2732389361
573,26.2350420551
574,26.1260929466
575,25.378819511
576,24.5967480675
577,23.482691036
578,23.9142666805
579,24.5637025515
580,24.269329298
581,24.6538439797
582,26.7934453991
583,27.3499151455
584,26.3877926606
585,27.0823717454
586,26.8618124209
587,26.1386330486
588,26.5520048605
589,25.9990870663
590,25.9807869765
591,26.502256482
592,26.619904484
593,26.8765810812
594,27.3557809706
595,27.4989104241
596,27.1446664166
597,27.3738970727
598,27.2281120256
599,27.1280419709
600,27.051517494
601,27.0894331426
602,27.1924811051
603,27.4499147389
604,27.7307632377
605,27.3529221956
606,26.8971093354
607,26.8255906154
608,26.8798724117
609,27.2333176785
610,26.2055075427
611,27.0605169844
612,26.5446162208
613,26.1937309361
614,26.5692529984
615,26.7559211839
616,26.8802058279
617,27.250303806
618,27.6894778188
619,27.4101523302
620,27.0594582995
621,26.9148635676
622,26.8498766545
623,27.3387210869
624,26.942414691
625,27.1175055644
626,27.5025519411
627,28.4690636961
628,28.7498663545
629,28.8298143477
630,27.7895850565
631,28.2494583358
632,29.3869833198
633,27.7701258936
634,28.6710965746
635,28.309187976
636,29.9664361528
637,27.8146237234
638,28.4612017146
639,27.9707505594
640,29.3202278488
641,28.6701479891
642,29.2795593666
643,29.5323574652
644,30.4681576589
645,29.8820348343
646,29.3020894936
647,29.8946380592
648,29.3767150517
649,30.0909048582
650,30.1120779532
651,30.3777900491
652,30.6093169066
653,30.6641334176
654,30.2322461242
655,30.2096706909
656,29.7700959451
657,30.5023232405
658,30.6855715448
659,30.5741129926
660,30.9986683241
661,31.174346389
662,30.6742605352
663,31.0616963925
664,30.8086263981
665,31.1441159935
666,31.053247363
667,31.6015665853
668,32.2770910096
669,32.5730671225
670,32.5400833882
671,32.4996695039
672,32.6358389889
673,32.2118957219
674,32.1301201087
675,32.0494827598
676,31.6358871161
677,31.6838089714
678,32.106616076
679,31.71400574
680,31.9277906792
681,31.4877251252
682,31.0184825559
683,30.9776632922
684,31.2488461313
685,31.0251983812
686,30.8116049624
687,31.2732384746
688,31.5711536774
689,31.5081405309
690,31.3743480341
691,30.9016671658
692,30.7795573154
693,30.735755508
694,30.3967682126
695,30.5525926234
696,31.0606964553
697,31.5902871731
698,31.8013511419
699,31.572038192
700,32.3397826952
701,32.5476502925
702,32.5381544706
703,32.7610665855
704,33.1496375131
705,33.5326624282
706,30.5269248428
707,30.9210570079
708,29.8794407217
709,30.036630632
710,29.9962529434
711,30.513120158
712,30.4051752526
713,30.9824001119
714,31.3819336959
715,31.6674414597
716,31.5368417959
717,31.1995573799
718,31.2700111654
719,31.497404218
720,31.8913111218
721,31.9517102459
722,31.999024314
723,32.3106061122
724,32.1594020528
725,31.8360825927
726,32.0475086149
727,31.7710124801
728,31.6384547701
729,31.9785167368
730,32.2222957606
731,32.0835861475
732,32.1041482479
733,32.0870772639
734,32.640275496
735,33.3740543728
736,33.5747505115
737,33.1041563175
738,33.3583744917
739,33.1615450319
740,33.1901144596
741,33.2851951162
742,33.1552772674
743,32.4542547376
744,32.8340152523
745,33.3889295855
746,33.2450279168
747,33.1670973652
748,33.2614808592
749,33.5625420193
750,33.2686892701
751,33.1689766397
752,32.7780857745
753,33.2586086478
754,34.0179356749
755,34.6968238204
756,34.9293145622
757,35.278600453
758,33.7909019544
759,32.1654583798
760,32.2673186691
761,33.4699858045
762,33.6880111751
763,33.5058331651
764,33.1699450592
765,32.6785382365
766,33.03218554
767,32.7596011149
768,33.1508773514
769,32.5508259467
770,33.5166253625
771,32.8584845223
772,32.8233849509
773,33.5917277479
774,34.1464499427
775,34.4888389009
776,34.582349934
777,34.4992954443
778,34.3649064443
779,33.9268952671
780,34.180614333
781,34.4907722245
782,34.5430335327
783,34.4917272988
784,34.5422510576
785,34.9498757829
786,34.8226633292
787,34.641329988
788,33.7645434153
789,33.7869016183
790,34.5767649997
791,36.3843261589
792,36.2825770737
793,35.6369191642
794,35.1109325574
795,35.7252589302
796,36.2172990252
797,36.9824306328
798,37.1513935446
799,37.6042010048
800,37.6691682712
801,36.0343739319
802,36.0636455254
803,36.3558166605
804,35.5012437062
805,35.6903697721
806,35.8169435968
807,35.2329628147
808,34.899426927
809,35.0195143863
810,35.1258838457
811,34.6175499417
812,33.7013641306
813,33.9745538828
814,35.0002249289
815,35.7935779276
816,36.8472611262
817,37.9529289252
818,37.6838235026
819,36.5877059773
820,35.1997772598
821,35.9648605186
822,36.9252757632
823,36.0067115286
824,35.6534571583
825,35.354298407
826,34.713949166
827,35.0129542005
828,35.5849448307
829,36.6168678015
830,36.4001352512
831,34.6194369908
832,34.303448214
833,34.4565548404
834,34.4147962719
835,35.5254459354
836,36.2701874138
837,36.4057606417
838,36.1391143435
839,36.4736383724
840,36.8792768444
841,37.2964371589
842,37.7737091121
843,37.7151910981
844,37.279294437
845,37.2164676633
846,36.9362293321
847,36.5267240444
848,36.4847281329
849,36.9810295493
850,37.9085453474
851,38.9349764715
852,38.6277147456
853,39.0680548584
854,39.1299047575
855,39.1944309772
856,38.6932632415
857,38.6524260205
858,38.7392420428
859,39.2085204309
860,39.376186473
861,39.9977295211
862,40.6574206595
863,40.4707023703
864,39.9767099449
865,39.9741591946
866,39.7970770966
867,39.70823723
868,39.4415387098
869,39.6286765711
870,39.6694009344
871,40.3223127666
872,40.6391778239
873,41.5528661302
874,41.7154433655
875,42.3644672878
876,41.9656653616
877,41.7311571984
878,41.6031053276
879,41.7144966493
880,40.9956584302
881,40.1911879934
882,39.9205249651
883,39.934907033
884,38.7826825483
885,38.5542033597
886,39.15143831
887,39.2324500192
888,38.2530737019
889,38.068747816
890,37.7361209915
891,38.1713730469
892,38.0852607827
893,38.6945264045
894,38.7370268006
895,39.2741983275
896,38.9693817514
897,38.8078706578
898,39.5610161067
899,39.6520624444
900,39.3477837948
901,39.3221540893
902,39.7183938248
903,39.5775719155
904,39.1994510604
905,38.6204276682
906,38.0537274932
907,38.3195639791
908,39.0082137099
909,39.6925547429
910,39.8333692232
911,40.9549039368
912,41.2879725221
913,41.53819552
914,41.3652905267
915,42.0433770959
916,41.9622884629
917,41.6493592473
918,41.4988323574
919,41.7463874555
920,42.0903909466
921,41.8097291284
922,41.53199475
923,41.4662443604
924,41.7674899685
925,41.1157052335
926,41.625505708
927,42.3428339946
928,42.0400622127
929,41.6701237304
930,42.5818502767
931,42.1669044608
932,42.1581057939
933,41.5398939233
934,41.2496607082
935,40.8116489874
936,40.4570458744
937,40.9265305779
938,41.6978596824
939,43.2993637979
940,43.2268071479
941,42.7750353271
942,42.2947121085
943,42.1033440135
944,42.0444819968
945,42.1846080592
946,42.3378927023
947,42.3047277102
948,42.1259596747
949,41.5296440885
950,41.4345077554
951,41.1981500674
952,41.1839382335
953,40.6644570977
954,39.9793077483
955,40.5816441354
956,42.1048688081
957,41.3307816269
958,40.5529840345
959,40.0154765794
960,40.2170116097
961,39.3213156837
962,38.9393625552
963,38.6438765315
964,39.0331140879
965,37.953372066
966,36.398990592
967,35.5972668845
968,37.3881421353
969,38.3322302883
970,38.2315406188
971,39.7194775073
972,39.4431695499
973,38.5699974357
974,38.2269625822
975,39.090346134
976,39.071031705
977,39.731041
978,39.199559645
979,39.5938925813
980,39.1227534501
981,39.9436227018
982,41.0424007746
983,41.5538528105
984,41.4105241289
985,41.4185686185
986,41.0695476046
987,40.4645489496
988,40.0434442617
989,40.4884362527
990,40.9867940673
991,41.148884495
992,41.025692911
993,40.8653387398
994,41.4455638452
995,41.5536222782
996,41.542195089
997,41.6716985164
998,41.9281105024
999,42.5755431154
1000,42.8718264418
1001,42.7902134707
1002,42.8121738043
1003,42.7678022439
1004,42.9171682767
1005,42.5936758819
1006,42.4326042113
1007,42.3550580575
1008,42.1742327498
1009,41.8838472288
1010,41.5242737588
1011,41.7903231759
1012,42.2543336998
1013,42.4225615522
1014,42.5282726154
1015,42.3474151131
1016,42.5062999077
1017,42.6395953845
1018,42.9098643371
1019,43.6945367728
1020,42.3763591248
1021,42.396272988
1022,42.2800225907
1023,42.3534350273
1024,42.9146844497
1025,44.0616534073
1026,43.8465661333
1027,43.2408408989
1028,43.9191914161
1029,43.8111431528
1030,43.4674266537
1031,43.7592670271
1032,43.9914941298
1033,44.2702831315
1034,44.2469536604
1035,44.2210994849
1036,44.4080021231
1037,43.9943769943
1038,44.0832008107
1039,43.5506830437
1040,43.6626610864
1041,43.3511681086
1042,43.5021192954
1043,44.0239733794
1044,44.0204150128
1045,43.8159844399
1046,44.1834147026
1047,43.5589841948
1048,43.8994169587
1049,44.2134459991
1050,43.6173877374
1051,43.143319307
1052,43.6998148897
1053,44.1090552561
1054,44.4224365638
1055,45.4561624996
1056,44.8048372606
1057,45.0733324096
1058,44.8626921848
1059,45.5495631529
1060,45.3751336016
1061,45.7850613588
1062,46.3376329772
1063,46.6222857306
1064,46.583178208
1065,45.9893749554
1066,45.1570760179
1067,45.9268955732
1068,45.4801258159
1069,45.3780203914
1070,46.1798765827
1071,45.8961379814
1072,46.7651647601
1073,45.1491458155
1074,44.9946582391
1075,45.004386728
1076,45.1442541642
1077,44.6018426089
1078,46.1425186552
1079,45.7879375417
1080,45.3410033626
1081,45.1013025018
1082,44.4771174901
1083,44.3053811366
1084,44.6523819158
1085,43.9738355728
1086,44.8369394615
1087,45.024903703
1088,45.0308199955
1089,44.838466828
1090,44.7483019797
1091,44.229675726
1092,43.8474442577
1093,43.7977516387
1094,43.596532928
1095,43.6268758663
1096,43.6382468453
1097,42.4320765111
1098,42.5998023756
1099,42.6339024723
1100,42.5947513134
1101,42.2419759276
1102,41.9949702403
1103,42.0806057424
1104,42.0106804677
1105,42.0253475488
1106,42.1251498622
1107,42.731503099
1108,42.9088186849
1109,42.3996807784
1110,42.2087736918
1111,41.8742155684
1112,40.8768882101
1113,40.9454241101
1114,41.309511611
1115,39.4538780918
1116,37.6307534443
1117,36.1242070252
1118,36.6914143645
1119,37.9221763283
1120,39.2392632045
1121,39.4640495507
1122,38.0157528806
1123,36.8504204352
1124,36.2528482324
1125,35.0049577693
1126,34.7073396201
1127,35.5360688629
1128,35.7103475828
1129,33.9938183393
1130,32.7700758119
1131,32.8304232185
1132,33.6531905963
1133,33.8532410757
1134,33.1180305703
1135,31.6731398179
1136,31.6522992266
1137,32.2139474423
1138,32.0324105479
1139,33.449623853
1140,31.3691997676
1141,26.0660278506
1142,27.1084528647
1143,26.0437411821
1144,26.5130848309
1145,28.2780741998
1146,29.9157369757
1147,29.7171738518
1148,30.2495291654
1149,30.7203868
1150,31.05477443
1151,30.3178260161
1152,30.9551500758
1153,29.2720180467
1154,29.5229707141
1155,30.0738130506
1156,29.9673400718
1157,30.1657316369
1158,30.0839818034
1159,29.6535877379
1160,28.7955378847
1161,27.6796650987
1162,27.5645698501
1163,28.5041646599
1164,28.8932915622
1165,29.1536565383
1166,29.3310498775
1167,29.171884563
1168,29.9836021985
1169,29.59450131
1170,29.7538254191
1171,29.8311232767
1172,28.9200759284
1173,28.397305494
1174,29.2564591765
1175,28.8129281728
1176,28.5661117652
1177,28.561629156
1178,28.9595730372
1179,28.097117535
1180,24.9230896546
1181,29.0331468645
1182,28.066494113
1183,26.9361551994
1184,27.5046604177
1185,27.1634066399
1186,26.9050168217
1187,26.1468352044
1188,27.0572620283
1189,26.9935513776
1190,27.1706575645
1191,26.5112512008
1192,26.1743740006
1193,25.3322431433
1194,20.6298592469
1195,26.1365890892
1196,23.7792074842
1197,23.4547857187
1198,23.6504594063
1199,23.7173491209
1200,24.7630247781
1201,24.3723674702
1202,25.5786548976
1203,25.6653089267
1204,25.8288072028
1205,21.7075885941
1206,23.7206335284
1207,24.2100422495
1208,23.3499029903
1209,23.3955684455
1210,23.0880243001
1211,23.3643751271
1212,23.5422648672
1213,22.2077557434
1214,22.1153560439
1215,22.0091317946
1216,21.2448460534
1217,21.4580723188
1218,21.6047435714
1219,21.8137283986
1220,22.038278508
1221,22.2793374785
1222,22.3723818886
1223,23.3011668136
1224,25.092083817
1225,25.7695603886
1226,26.0253433621
1227,26.1855075613
1228,26.5774985448
1229,25.5104777937
1230,26.5123592944
1231,26.7010336831
1232,26.7643119611
1233,26.9053317327
1234,26.2570333927
1235,27.359217699
1236,26.8853559072
1237,26.746789703
1238,26.9325464004
1239,26.6963893154
1240,26.9253271769
1241,26.9745371191
1242,25.8722618758
1243,25.6123773321
1244,26.0787416273
1245,25.8300846751
1246,26.2083755843
1247,25.6139559504
1248,25.6201570913
1249,25.2406434449
1250,24.7208453344
1251,24.9503917259
1252,25.2322166822
1253,24.4642849047
1254,23.8848766745
1255,24.1405886872
1256,24.5449575531
1257,25.0908284211
1258,24.913730398
1259,26.210099609
1260,25.3029555101
1261,26.0911799417
1262,27.0773495451
1263,26.203625223
1264,26.7554788732
1265,26.7344180437
1266,26.604984846
1267,26.3338823687
1268,26.6386438916
1269,26.1309649701
1270,26.0163497517
1271,25.9380936788
1272,24.8555055491
1273,26.1479380633
1274,26.4757091309
1275,24.7139123942
1276,24.1642946658
1277,25.8649611351
1278,24.6411389422
1279,24.3304067078
1280,24.4159745913
1281,24.0481787292
1282,23.8131778726
1283,23.3448215542
1284,23.3097079093
1285,23.0592387773
1286,22.8846976554
1287,23.2909104689
1288,23.8801575223
1289,23.8185430654
1290,23.6850565453
1291,24.0803635325
1292,23.6388693951
1293,24.2633957174
1294,24.4273068883
1295,24.4362242712
1296,25.9344073963
1297,24.7913411461
1298,25.1684563199
1299,25.2420521307
1300,24.5974448964
1301,25.3565501281
1302,24.6767669479
1303,23.7194050602
1304,20.2634060436
1305,20.5282384184
1306,20.4434765603
1307,20.4986783389
1308,19.5392775732
1309,19.2255642607
1310,18.4488985218
1311,17.3976724841
1312,16.8258428359
1313,17.2294272042
1314,17.0715175816
1315,17.3387883347
1316,17.5398731159
1317,18.2833435508
1318,19.5655564627
1319,20.9538744804
1320,22.5626778446
1321,23.6081997505
1322,25.6518233354
1323,38.1541757784
1324,38.3480534952
1325,47.7730770276
1326,51.6575004775
1327,59.1470657175
1328,51.2634512065
1329,45.4933555365
1330,41.9198882246
1331,37.5787028201
1332,33.0330041308
1333,28.4427716575
1334,23.6672071983
1335,13.8996145537
1336,-0.202985992848
1337,-27.5860582816
1338,-25.3379708945
1339,-29.0346193432
1340,-32.898311317
1341,-33.3151860002
1342,-37.4820754817
1343,-32.7003304671
1344,-40.3420961072
1345,-56.4479728502
1346,-55.8275265952
1347,-55.1267479707
1348,-50.1596042471
1349,-51.4836227788
1350,-55.5423658149
1351,-29.626473768
1352,-24.0534563251
1353,-27.0221502109
1354,-22.6412863968
1355,-18.5822183925
1356,-17.7481030622
1357,-16.2754693793
1358,-12.6810044334
1359,-7.66745493861
1360,-0.29471916096
1361,-0.269596946046
1362,10.263769758
1363,12.6241028946
1364,4.7755243176
1365,5.83987937319
1366,14.0749682923
1367,7.83621398239
1368,16.9577167725
1369,14.9442934709
1370,19.6956416137
1371,21.1340039
1372,23.030910133
1373,17.2225667957
1374,22.6963510896
1375,18.2407124925
1376,21.7977020357
1377,18.8661182823
1378,21.605551655
1379,19.4920810237
1380,24.5075255724
1381,16.5021926645
1382,22.2600783718
1383,18.8257593798
1384,22.520108549
1385,17.8544720553
1386,22.303972761
1387,18.2492166374
1388,22.5469708067
1389,18.5054964565
1390,22.5477142172
1391,16.8475031371
1392,22.6541960506
1393,20.0430446467
1394,22.3842680723
1395,20.6122035018
1396,21.8046643887
1397,21.3028728952
1398,22.0815068262
1399,21.6971355201
1400,20.0304757926
1401,21.980129607
1402,24.7613749684
1403,19.6649672598
1404,19.402395779
1405,20.6011062326
1406,20.7030035858
1407,21.4741771346
1408,19.5798536791
1409,21.4841179155
1410,19.7002326839
1411,20.7872196512
1412,19.5623860547
1413,20.8488659747
1414,19.7772777688
1415,20.7712951018
1416,20.0730793158
1417,19.8055294032
1418,18.0926296745
1419,19.1886426079
1420,17.2103266766
1421,17.3748559758
1422,13.9671275568
1423,15.3477798113
1424,19.0645696214
1425,14.9377719873
1426,19.6763828553
1427,16.7578687237
1428,17.73878916
1429,18.6044259466
1430,22.0062891048
1431,20.7009120926
1432,24.2169456506
1433,15.9983722478
1434,24.8925601521
1435,20.5015958533
1436,20.5958324064
1437,22.0479769559
1438,19.6028598324
1439,23.7013385105
1440,17.1777802608
1441,25.9257663177
1442,18.060462742
1443,23.7922531788
1444,18.9500251865
1445,25.0558181489
1446,20.9593652956
1447,23.9287328344
1448,20.9429520438
1449,24.8759295786
1450,19.7949528539
1451,23.8214881941
1452,22.856168829
1453,22.5770028839
1454,21.9078945392
1455,22.8650091341
1456,20.1348689189
1457,26.3982752972
1458,19.1404567046
1459,25.1593681553
1460,21.7786088115
1461,21.6214279344
1462,22.944201909
1463,24.2817533436
1464,21.2395855203
1465,22.5174458271
1466,17.9496131535
1467,21.9212614637
1468,15.8401508218
1469,19.4703675989
1470,18.7549499681
1471,19.1132253361
1472,20.3627964115
1473,17.6659587315
1474,18.523053866
1475,16.5739837699
1476,18.2732387351
1477,16.4120549517
1478,19.1773725433
1479,18.0349791745
1480,20.3999751113
1481,21.8636329446
1482,22.4885454115
1483,21.3532168962
1484,25.3308683336
1485,18.3933879449
1486,21.3071782232
1487,24.1858030094
1488,21.8099689777
1489,24.749180983
1490,20.6832654148
1491,25.6494032867
1492,20.5940786778
1493,24.5929633302
1494,22.371751879
1495,28.3797184654
1496,19.2765824858
1497,27.9253643185
1498,23.3981680387
1499,24.015806062
1500,24.6297674681
1501,22.6052291517
1502,24.7177647784
1503,23.544057126
1504,24.1351197665
1505,25.6901165252
1506,22.7356625057
1507,26.5646728887
1508,22.0159698789
1509,24.4764000876
1510,24.9828124614
1511,22.1565891158
1512,25.6944071048
1513,22.7699227779
1514,23.6898733215
1515,25.9243332136
1516,22.8973474084
1517,27.5496408
1518,21.9664842184
1519,26.2708246358
1520,24.7449072953
1521,22.9403523582
1522,26.0541673955
1523,22.6294419298
1524,25.048606076
1525,24.8321368948
1526,20.8765947899
1527,26.1026077449
1528,20.3240850075
1529,26.0179310937
1530,23.1756415433
1531,24.2344648625
1532,22.4227973779
1533,22.2772181283
1534,25.2812141579
1535,22.6834959861
1536,24.6064848119
1537,25.4686703082
1538,24.2267112988
1539,24.7123260119
1540,21.7805205722
1541,22.699611134
1542,25.7384181855
1543,21.0062429311
1544,24.0880548203
1545,25.8637519704
1546,20.8986712568
1547,25.0372814855
1548,23.7198711664
1549,23.2027913086
1550,21.3596860002
1551,24.0440248423
1552,26.2168322934
1553,21.2316343014
1554,24.519903043
1555,22.5825864315
1556,20.5494996895
1557,21.354319548
1558,24.1372308376
1559,25.7462860732
1560,21.0446780096
1561,25.494774988
1562,20.555035221
1563,28.0969583508
1564,18.8884690377
1565,26.6806419095
1566,24.4288344175
1567,23.917560162
1568,23.6094977946
1569,22.3572990761
1570,26.1982803443
1571,23.5867851859
1572,25.5709111133
1573,24.8533460732
1574,25.3904328961
1575,23.4030168005
1576,23.6856397321
1577,23.7442914279
1578,22.6995599194
1579,25.6883095849
1580,24.043525804
1581,23.9577754175
1582,26.0576134368
1583,24.8811496949
1584,26.1670430772
1585,24.2841035948
1586,25.0384212916
1587,24.8164460939
1588,25.3434203054
1589,23.6513065805
1590,25.5805954705
1591,25.0814565165
1592,25.4291854276
1593,25.5578296097
1594,24.9226190397
1595,23.8829574084
1596,24.9058395347
1597,24.0466993019
1598,24.8823191434
1599,24.9779499589
1600,25.7995416518
1601,24.9497198511
1602,26.1096527613
1603,23.3237449211
1604,24.9963719007
1605,24.5755173058
1606,22.826731961
1607,25.5515978899
1608,23.4982995668
1609,23.9388502758
1610,25.6646329202
1611,24.3672449908
1612,26.411575341
1613,23.2598981483
1614,25.3953283631
1615,25.0796310168
1616,24.49281796
1617,25.7757347408
1618,24.1917899577
1619,25.170027094
1620,25.6360397618
1621,25.1096475966
1622,26.6740375574
1623,23.9797853816
1624,25.4083054914
1625,24.9110049732
1626,26.8248314447
1627,25.7554418518
1628,27.179893119
1629,26.4741069723
1630,26.4291191888
1631,25.5675960205
1632,25.7076988744
1633,25.7132356764
1634,25.6312231591
1635,25.2882011311
1636,25.8552112307
1637,25.4859897179
1638,26.4289562057
1639,25.6086939576
1640,26.7352866353
1641,25.2666757488
1642,25.1318706031
1643,25.3778800193
1644,25.2337496879
1645,25.4142194578
1646,22.7553206557
1647,27.0266937471
1648,24.5972037558
1649,25.0973661735
1650,24.738776978
1651,24.6993038593
1652,23.8690256965
1653,22.5325782878
1654,22.649791623
1655,25.9332726162
1656,24.2292160635
1657,22.8524910695
1658,25.6479085301
1659,24.1614729207
1660,25.8203363662
1661,22.0772817035
1662,26.3664415945
1663,24.846856673
1664,25.3476683357
1665,23.6564499844
1666,23.846658173
1667,25.9377468847
1668,23.6906226271
1669,25.1101397196
1670,25.7395412389
1671,23.3414745324
1672,26.8052988797
1673,22.1109507976
1674,24.6800823924
1675,25.2120531722
1676,22.7887830574
1677,25.756432262
1678,25.0276854418
1679,23.0779036492
1680,25.7051011506
1681,24.9750116958
1682,24.7795708016
1683,23.3804512509
1684,26.9776967639
1685,24.9748989979
1686,25.9744021422
1687,25.2079383514
1688,26.2850595939
1689,24.3881614648
1690,24.5654750699
1691,24.5474722276
1692,24.9187565639
1693,24.8184829724
1694,26.1369667515
1695,25.4943060522
1696,26.4537415203
1697,24.9673416147
1698,24.9157274434
1699,24.5793638412
1700,25.5957231283
1701,23.8864086047
1702,26.1402544152
1703,24.9992675348
1704,25.5617255843
1705,24.5684826275
1706,26.9467101309
1707,22.1629688401
1708,25.1497386847
1709,25.9809542239
1710,23.0516161072
1711,25.4415556912
1712,25.1055299353
1713,22.4729145241
1714,26.4843650964
1715,23.0857795928
1716,28.4600547066
1717,21.2592418778
1718,26.896286708
1719,25.9332969304
1720,24.550846854
1721,25.0333866882
1722,23.3667026033
1723,26.7719633115
1724,25.1382984065
1725,25.4431868906
1726,25.9574200616
1727,25.019552196
1728,26.7183178975
1729,23.3208478235
1730,25.935286486
1731,25.5714827396
1732,23.3461463111
1733,26.3867436163
1734,24.7799070199
1735,25.2203395225
1736,26.0355344183
1737,24.8978314664
1738,26.738847561
1739,23.6714883998
1740,26.3879217883
1741,25.1657813769
1742,23.7730886182
1743,26.4599015356
1744,24.4830801014
1745,26.0462833647
1746,26.1156728234
1747,25.8875649825
1748,26.3866007609
1749,24.7964734742
1750,26.9656018532
1751,26.5366163973
1752,27.1300178565
1753,26.8332052064
1754,27.0142310106
1755,26.741711794
1756,26.3243288878
1757,26.8578619641
1758,27.208027897
1759,27.2773979313
1760,27.3537825092
1761,27.23519214
1762,27.1468931429
1763,27.3026796156
1764,27.4068740032
1765,27.6078113369
1766,27.6186172997
1767,27.7240166733
1768,27.7136839427
1769,27.1539948633
1770,26.757997309
1771,27.1183601237
1772,27.3999261636
1773,27.5259412835
1774,27.3889064141
1775,27.2256567874
1776,26.8743914458
1777,27.0204661898
1778,26.722294091
1779,26.4469540592
1780,26.6629337194
1781,26.5181645956
1782,26.5155738854
1783,26.9197933206
1784,27.3706453244
1785,27.7454645463
1786,27.7148274076
1787,27.0088099638
1788,26.4412645558
1789,26.6504485669
1790,26.7437619838
1791,26.859780236
1792,26.9454178986
1793,27.1619837157
1794,27.9784761772
1795,28.0130478707
1796,28.2405538814
1797,27.8333715005
1798,27.6942196228
1799,27.3868159556
1800,27.5671326594
1801,27.8149654514
1802,27.9028243857
1803,27.9151952037
1804,27.5600725269
1805,27.0609283604
1806,27.1340517847
1807,27.6023492217
1808,27.5619550368
1809,27.4553909847
1810,26.8437114095
1811,26.3138864207
1812,26.6753273079
1813,26.7583865443
1814,26.7003963721
1815,26.3706547767
1816,26.508670522
1817,26.8432064774
1818,26.6978919708
1819,26.5734247203
1820,26.8365304617
1821,26.8641271055
1822,26.652153386
1823,26.4762852736
1824,26.8774827658
1825,26.9246742026
1826,27.385462077
1827,27.2191053399
1828,27.1537116191
1829,27.4323931915
1830,27.2471878914
1831,27.2309439134
1832,26.8487330486
1833,26.6923064859
1834,26.4897937619
1835,27.394736454
1836,28.294387789
1837,29.0082906689
1838,28.9415080844
1839,28.6017467451
1840,28.3917119223
1841,28.398711837
1842,29.1970548978
1843,29.1828235674
1844,29.1636576938
1845,29.2635217688
1846,29.4099104711
1847,29.6027440241
1848,29.5649778243
1849,29.7638232424
1850,29.9397080829
1851,29.8447008426
1852,29.6961025006
1853,29.5873368917
1854,29.6920333383
1855,29.5508408981
1856,29.395921182
1857,29.3230698165
1858,29.3001987462
1859,29.4048217928
1860,29.2345764981
1861,29.1503274495
1862,29.1329618889
1863,29.1180817825
1864,29.1019346737
1865,29.1023007055
1866,29.0707019247
1867,29.0916201991
1868,29.1047035974
1869,28.8256059404
1870,28.7895728316
1871,28.584902196
1872,28.6006613975
1873,28.6533758144
1874,28.6859404722
1875,29.0502960131
1876,29.1744495192
1877,29.4988649198
1878,29.6516661378
1879,29.5698345552
1880,29.1737545559
1881,29.2449169377
1882,29.4063490972
1883,29.7616433668
1884,29.6001726665
1885,29.3447337245
1886,29.1536538197
1887,29.4536936183
1888,29.150680363
1889,29.5553169857
1890,29.9314869279
1891,29.97731811
1892,30.2261252353
1893,30.2238191146
1894,30.3806160384
1895,30.3488878525
1896,30.2994066698
1897,30.054594986
1898,30.2701113664
1899,30.7513902665
1900,30.7720870293
1901,30.8110879924
1902,30.8160381842
1903,30.9853517461
1904,31.4587517348
1905,31.2546174778
1906,31.299605529
1907,31.2851781203
1908,31.4288284332
1909,31.4901561168
1910,31.3096487232
1911,31.3297428277
1912,31.4450719833
1913,31.5415529874
1914,31.9814814137
1915,31.87832842
1916,31.8620794644
1917,31.870422635
1918,31.5699082197
1919,31.5361104998
1920,31.5670338577
1921,31.5865624295
1922,31.4886817773
1923,31.2962383356
1924,31.1427605538
1925,30.9480439207
1926,31.3092828805
1927,31.415373444
1928,31.8734997426
1929,31.7155846991
1930,31.3926779424
1931,31.7318261278
1932,32.3813065323
1933,32.0974651529
1934,32.0088038878
1935,31.8797937383
1936,31.9660482127
1937,31.959037381
1938,32.564721561
1939,32.4909945988
1940,32.2140951187
1941,31.4322133353
1942,31.686280667
1943,31.7841003537
1944,32.0154244317
1945,31.8971885142
1946,32.0053378287
1947,31.6454452779
1948,31.646351946
1949,31.5694828788
1950,31.7976491025
1951,31.7982832232
1952,31.4870066511
1953,30.9382412003
1954,30.8265797435
1955,30.7163536123
1956,30.1424099831
1957,29.4922338123
1958,29.8305314356
1959,29.6532225447
1960,29.6963145212
1961,29.91452976
1962,30.1656714287
1963,30.1790566457
1964,30.3542756964
1965,30.6361123029
1966,30.5992391275
1967,30.7631101748
1968,30.7091841246
1969,30.9019044324
1970,30.3615266735
1971,29.4490597169
1972,29.9408638927
1973,29.8932487502
1974,29.9247195423
1975,30.0269617328
1976,30.2518769077
1977,30.3255951197
1978,30.364719504
1979,30.2368008061
1980,30.5442548555
1981,30.7359095309
1982,30.3835725541
1983,30.7631111236
1984,30.6506333943
1985,30.763921358
1986,30.9231358564
1987,30.9753808017
1988,31.1574074694
1989,31.2660326234
1990,31.1436966431
1991,31.0935903765
1992,31.2207973687
1993,31.3023370442
1994,31.4956618072
1995,31.3793508571
1996,31.4015644619
1997,31.4180883652
1998,31.283828976
1999,31.1012692981
2000,31.2584339942
2001,31.2620178821
2002,31.2038419431
2003,30.9321004225
2004,30.7051772833
2005,30.7417622538
2006,30.6452006403
2007,30.7352507548
2008,30.5718393844
2009,30.3922395007
2010,30.3888211027
2011,30.2821282953
2012,31.0770081529
2013,30.9757583668
2014,31.3091868647
2015,31.3221412969
2016,31.2231311999
2017,31.2105578267
2018,31.2320020446
2019,31.2745410896
2020,31.1750131585
2021,30.7385120509
2022,31.0824938043
2023,31.4020856393
2024,31.6236354239
2025,31.3274595034
2026,31.1320589958
2027,31.1338432911
2028,30.6145011674
2029,30.759921222
2030,30.3368824937
2031,29.8428142927
2032,29.9054539182
2033,29.5934572235
2034,29.4991817684
2035,29.0550928621
2036,28.5407678816
2037,28.4236598372
2038,29.6993547282
2039,29.6719408081
2040,29.7764324488
2041,29.4698504307
2042,30.2334184604
2043,30.3287529317
2044,30.7667317014
2045,30.8161228882
2046,30.7634842475
2047,30.8329484684
2048,30.6176761101
2049,30.843313061
2050,30.7285619937
2051,30.512528344
2052,30.5128058356
2053,30.5587305473
2054,30.827829415
2055,31.1046703161
2056,30.9903310764
2057,31.0301799166
2058,30.8815335232
2059,30.8859103408
2060,30.9370111209
2061,30.8926299879
2062,30.8852167344
2063,30.9491369024
2064,31.2113970486
2065,31.0763426142
2066,31.1390489032
2067,31.050548682
2068,31.1427285699
2069,31.128024445
2070,31.3897841809
2071,31.247932843
2072,31.0515489349
2073,31.03526588
2074,31.1651304913
2075,31.3549120125
2076,31.0277372588
2077,30.4886411972
2078,30.3576433066
2079,30.0498177302
2080,29.8213811858
2081,29.7826345815
2082,29.747997432
2083,29.4329810382
2084,29.3850464874
2085,29.4987570528
2086,30.4675797519
2087,30.9354611161
2088,31.0587107792
2089,31.2001609819
2090,30.9232302809
2091,30.7304536761
2092,30.6346362113
2093,30.6582857521
2094,30.2065650617
2095,30.1420400436
2096,30.1740464367
2097,30.6106721708
2098,30.5818794598
2099,31.022346557
2100,31.1334578039
2101,30.8565652467
2102,30.7707246244
2103,30.6439759592
2104,30.6569985147
2105,30.4215236654
2106,29.4172914778
2107,29.8323311197
2108,29.4901585266
2109,29.7675156402
2110,29.3057334078
2111,29.7899509605
2112,30.1964864085
2113,30.5973030348
2114,30.4218240557
2115,30.5052528318
2116,30.6551968412
2117,30.6130117975
2118,30.4744314271
2119,30.5231786605
2120,30.8447134694
2121,30.4919681276
2122,30.6289764916
2123,30.5393437264
2124,30.3013141753
2125,30.5496589829
2126,30.8357467256
2127,30.6500995349
2128,30.4383195792
2129,30.2213676336
2130,30.4126925733
2131,30.128464601
2132,29.7660290349
2133,29.6912042022
2134,29.4319677503
2135,29.4083075925
2136,29.6079227259
2137,29.6069208816
2138,29.5677616328
2139,29.6569737934
2140,29.5461078108
2141,29.4595260686
2142,29.4106260528
2143,29.549322357
2144,29.6090476972
2145,29.7114059253
2146,30.2358417792
2147,30.5468289743
2148,30.7416316361
2149,31.8931797371
2150,32.8990359907
2151,33.9119660094
2152,33.8356550971
2153,33.9506882769
2154,33.9076475525
2155,33.9157419345
2156,33.6414466786
2157,34.0120238435
2158,34.673377355
2159,34.5462486681
2160,34.3186280231
2161,33.7699370799
2162,33.8831569922
2163,34.6077308431
2164,34.4079134727
2165,34.7691024919
2166,35.2296617462
2167,35.7647143929
2168,35.6098313069
2169,34.9569648062
2170,35.1474545587
2171,35.2521938659
2172,35.4285870812
2173,35.580538545
2174,35.3057953556
2175,35.3951927102
2176,35.550183667
2177,36.3175891875
2178,37.0819724144
2179,36.9535184822
2180,37.002070746
2181,37.2322837118
2182,37.28825604
2183,36.8775182928
2184,36.1926216889
2185,35.7752179232
2186,36.448548496
2187,37.0722526617
2188,37.1923172114
2189,37.4565729073
2190,37.7687380513
2191,37.852985444
2192,37.5930440493
2193,37.6911971622
2194,37.5604195009
2195,37.7493298049
2196,37.7646032509
2197,37.6875447092
2198,37.7309763412
2199,37.6024119396
2200,37.2177230633
2201,37.3597056555
2202,37.4214288004
2203,37.2193132773
2204,37.089083504
2205,37.9283268745
2206,37.9210118337
2207,37.6024463349
2208,37.9590850625
2209,38.1636682813
2210,38.3260106195
2211,37.8915573364
2212,38.4265806514
2213,38.8910209272
2214,37.8042519027
2215,38.163776183
2216,39.043684747
2217,39.1588113013
2218,38.6668227674
2219,38.9557521179
2220,38.8109621396
2221,38.9010950729
2222,38.5276806375
2223,38.0386761965
2224,38.2190056748
2225,38.4377855951
2226,38.9667559206
2227,38.9241069848
2228,38.5347582553
2229,37.7392701871
2230,37.4499826675
2231,37.2834695056
2232,37.6178541706
2233,37.7649745367
2234,38.3283658858
2235,38.2692348892
2236,37.8726114564
2237,37.4077342499
2238,36.7791014464
2239,36.4570122063
2240,35.8741266337
2241,36.3109638122
2242,36.9687071453
2243,37.3879664968
2244,37.4786191738
2245,37.6590313819
2246,37.8725819738
2247,38.0271353973
2248,37.9580523735
2249,38.1339078967
2250,37.6575587103
2251,37.9079355817
2252,38.2994076456
2253,39.2036233137
2254,39.3252800194
2255,39.3873606929
2256,39.4608613854
2257,39.4699358537
2258,39.4782648709
2259,39.2344258424
2260,39.3988540226
2261,39.7490195373
2262,39.5953338982
2263,39.4661037674
2264,39.4999827191
2265,39.7755977565
2266,39.6948642855
2267,39.91234292
2268,39.3795257776
2269,39.869817888
2270,39.7920412582
2271,40.5629014539
2272,40.4513019731
2273,41.4432878796
2274,41.5995893817
2275,41.7553384383
2276,41.0397901848
2277,41.1872870339
2278,41.3749532936
2279,41.4846479413
2280,41.5030145556
2281,41.5434535564
2282,42.1156250294
2283,42.478973322
2284,42.5884268442
2285,42.3327580497
2286,42.5615807064
2287,42.2460260018
2288,42.4976266131
2289,42.4881862529
2290,42.4975654782
2291,42.5433742955
2292,42.5953274974
2293,42.689319978
2294,42.5839325352
2295,42.7760999556
2296,43.1098561916
2297,42.9370395354
2298,43.0453627004
2299,42.6757353779
2300,42.7429123069
2301,41.8961506346
2302,42.0650701928
2303,42.2325759213
2304,41.5756517999
2305,41.5832504007
2306,41.4841718059
2307,42.1314893189
2308,42.6072465299
2309,42.9941475915
2310,43.0153389237
2311,42.8950799028
2312,43.1693648211
2313,43.5943868136
2314,43.7329153063
2315,44.106547638
2316,44.0893956114
2317,44.4746802548
2318,44.4022995552
2319,44.5541550993
2320,44.5352050789
2321,44.7120436093
2322,44.7054548095
2323,44.913900872
2324,44.6581121773
2325,44.7504728767
2326,45.1884245682
2327,45.1784693543
2328,45.3073742411
2329,45.4932966875
2330,45.5611786446
2331,45.298233242
2332,44.8843927143
2333,45.1159065522
2334,45.2739573681
2335,45.9040106629
2336,46.4613263234
2337,47.2245353094
2338,46.5913344315
2339,46.8386298556
2340,46.7770521841
2341,47.3969435923
2342,47.691720632
2343,47.2572935143
2344,46.8007765326
2345,47.4109686084
2346,47.2161086145
2347,47.6539924023
2348,47.3695835688
2349,47.6358033182
2350,47.6296978692
2351,47.7332996811
2352,47.4652531879
2353,46.9858267425
2354,48.0102189812
2355,47.2394910541
2356,47.81322116
2357,46.9880872111
2358,47.5201426015
2359,47.2671726923
2360,47.2278985202
2361,47.5301327268
2362,46.9570610999
2363,47.480079765
2364,46.2788954281
2365,47.4976635701
2366,47.0462895472
2367,47.2326978685
2368,47.6292415903
2369,47.2875012528
2370,47.2059008186
2371,46.3980246044
2372,47.1690602957
2373,46.1678946157
2374,47.1014098437
2375,46.8029916025
2376,47.9700624837
2377,46.9557578724
2378,48.4464047067
2379,47.6562850061
2380,47.5303709809
2381,46.9360307712
2382,46.578751394
2383,46.2504925377
2384,45.3954023169
2385,46.8831913253
2386,46.6952160482
2387,47.4104006155
2388,47.7468139505
2389,47.7431372246
2390,47.9710680171
2391,47.9558889757
2392,47.584900116
2393,47.4971827885
2394,48.3072782058
2395,48.3172347755
2396,48.3669780464
2397,48.8075575658
2398,48.8413648571
2399,47.797913944
2400,46.3233766409
2401,46.927579752
2402,46.4773480864
2403,46.3858085108
2404,44.6126068974
2405,44.3776128374
2406,44.1447764079
2407,45.005476812
2408,44.4211725303
2409,44.593383872
2410,45.7649544602
2411,45.8265583595
2412,45.0608638436
2413,45.0619732444
2414,45.373551683
2415,44.307547222
2416,44.3083771622
2417,44.5421378949
2418,45.0636647867
2419,43.8827389771
2420,43.412542649
2421,43.5839552753
2422,42.8375795475
2423,43.5564295014
2424,45.1842790662
2425,44.548011266
2426,44.6193435759
2427,44.5984980803
2428,44.2173850801
2429,44.7086615927
2430,45.4750300601
2431,45.4828535973
2432,45.3384083371
2433,44.2709341183
2434,45.3942626156
2435,44.7242080078
2436,45.1282684509
2437,45.3046801293
2438,46.0733440312
2439,45.7530900554
2440,45.7395621199
2441,45.908649407
2442,46.5988003222
2443,46.7787947049
2444,47.1434583889
2445,46.9481660458
2446,46.7446554476
2447,47.3590000082
2448,46.4135306993
2449,46.9536691307
2450,46.9624903716
2451,47.1451521097
2452,46.7326925127
2453,46.9172024009
2454,47.0244499342
2455,46.7200053131
2456,46.6653446079
2457,46.413989431
2458,46.7070080555
2459,47.0987020436
2460,47.6382489995
2461,46.6785721159
2462,46.8859952688
2463,47.2164065885
2464,49.8598585166
2465,46.9663144366
2466,50.9874499225
2467,47.6124364307
2468,51.2492705187
2469,50.0795287975
2470,51.1970154866
2471,50.3116013132
2472,51.9816424738
2473,49.9209014552
2474,50.7440069948
2475,48.910249381
2476,50.1825447668
2477,48.728177031
2478,49.5411283359
2479,47.6436281441
2480,48.8754396829
2481,47.6615718296
2482,49.7972214052
2483,47.955485836
2484,49.4011751248
2485,47.8805450342
2486,48.7212467136
2487,47.484951459
2488,47.8018278074
2489,48.1113614617
2490,46.6571683779
2491,50.2814664296
2492,48.1579852154
2493,50.0240865262
2494,49.3648446375
2495,49.1796044039
2496,50.5736365622
2497,49.9788558541
2498,50.3239464509
2499,51.696336203
2500,52.1958161089
2501,51.1246410007
2502,49.072879457
2503,50.718544613
2504,47.5700869723
2505,49.5540082316
2506,47.8753324173
2507,50.6233797068
2508,49.5858046822
2509,51.769142433
2510,49.2840998588
2511,51.0442814119
2512,49.0832303789
2513,49.8040774399
2514,48.1968191355
2515,48.8961702913
2516,48.634541517
2517,48.4525632899
2518,53.112173007
2519,50.6604071435
2520,57.4602314409
2521,54.3974598956
2522,57.133086593
2523,55.5975835202
2524,55.6419466532
2525,57.2494258844
2526,55.0120757274
2527,52.1418455385
2528,51.0869799869
2529,54.7883102671
2530,53.2923790122
2531,52.7149089856
2532,54.6116773856
2533,51.9836459895
2534,52.3009823084
2535,52.3779850698
2536,53.4132120207
2537,52.2485739237
2538,52.4958925758
2539,50.6390207542
2540,52.558658418
2541,51.7608576164
2542,53.6712019787
2543,53.410971492
2544,54.6157628544
2545,51.4912211961
2546,52.1055393794
2547,51.2061331692
2548,52.1944119418
2549,51.3053642554
2550,50.5020000158
2551,51.3739683505
2552,50.8047818248
2553,50.6801105153
2554,49.9821521052
2555,50.0493045799
2556,48.9652984513
2557,50.8873644878
2558,47.6685221778
2559,48.8123706622
2560,48.1210104273
2561,48.6653322355
2562,48.6101176607
2563,47.3465558759
2564,48.4911936894
2565,45.9257375154
2566,48.1186751268
2567,47.7640098714
2568,49.1513325264
2569,48.5170611367
2570,49.5657340669
2571,48.3275726417
2572,48.8515552984
2573,48.0063180564
2574,48.3680188015
2575,48.9955788782
2576,51.6635833731
2577,49.7575215685
2578,52.095654116
2579,50.9871576531
2580,52.1110636612
2581,50.8561669123
2582,52.4580782184
2583,51.2134176156
2584,52.754916744
2585,51.4195698353
2586,53.3923839245
2587,49.85105982
2588,55.5403121829
2589,52.7524867518
2590,53.0947744586
2591,52.8909219292
2592,52.8120625021
2593,53.774308743
2594,53.8344221267
2595,54.4904259702
2596,55.0909300341
2597,54.1878864118
2598,56.3632365031
2599,54.8991113489
2600,56.0484665712
2601,55.1744748841
2602,53.8574001294
2603,53.6346929519
2604,53.3316709016
2605,54.1396235102
2606,52.9171636318
2607,54.1151386256
2608,52.2693140599
2609,53.9694449099
2610,52.2650589748
2611,54.5970029097
2612,52.1850542683
2613,53.7958579515
2614,51.5964137969
2615,53.0468285176
2616,51.5392497414
2617,53.8940818754
2618,52.4440719272
2619,53.1281790981
2620,53.3248150346
2621,54.0895233212
2622,51.8565595766
2623,54.5554910553
2624,52.4184371928
2625,53.3187327802
2626,53.0899110533
2627,53.5222430707
2628,53.9682110356
2629,54.9432101839
2630,53.4194238028
2631,54.0975905958
2632,54.8973314969
2633,55.4878623632
2634,54.6321429641
2635,55.5826229637
2636,54.7220243099
2637,55.5279516861
2638,55.5495016433
2639,56.3536402938
2640,56.9323578266
2641,57.0403348222
2642,56.9397307716
2643,57.0901716229
2644,58.0124336642
2645,57.5195322171
2646,57.1478564039
2647,58.1064181289
2648,56.8734992146
2649,59.0038379544
2650,58.9467953944
2651,59.5180715741
2652,61.422808728
2653,60.3389878167
2654,61.6220200164
2655,60.828909249
2656,60.6131049761
2657,60.6363085253
2658,59.6397018206
2659,59.9378573086
2660,60.8075524079
2661,60.5883732371
2662,60.8091108466
2663,61.015553836
2664,62.4651868315
2665,62.4922108402
2666,62.3969441014
2667,63.1083069815
2668,62.9955228408
2669,62.6973308028
2670,62.2969720595
2671,62.6049901049
2672,62.8116508853
2673,62.5828253382
2674,62.5332970381
2675,61.8094030158
2676,62.9182753626
2677,63.0365374134
2678,60.985149919
2679,61.4796344899
2680,61.3624516919
2681,60.9883008015
2682,61.2258750533
2683,61.9875487287
2684,61.9801462142
2685,60.7902149403
2686,61.2837314419
2687,61.2501699956
2688,61.3777511003
2689,61.7138685023
2690,61.1753655922
2691,60.1785075891
2692,60.5575702943
2693,61.263478124
2694,58.7013618053
2695,60.1645959815
2696,58.2578197011
2697,57.8275875294
2698,57.2834389765
2699,58.4013483467
2700,58.1748623676
2701,58.5865759064
2702,58.180414054
2703,58.0758584134
2704,59.5314624691
2705,59.5817392798
2706,58.6112137377
2707,57.7555591587
2708,54.7798188832
2709,56.997837743
2710,50.0130673744
2711,50.9918006103
2712,55.6232465065
2713,48.9337181466
2714,56.98956897
2715,53.3062849203
2716,53.3751042327
2717,54.180509846
2718,52.0120843453
2719,52.0117445826
2720,46.8776495139
2721,51.687251668
2722,48.2195947047
2723,51.8424934232
2724,50.6452859725
2725,51.9340032671
2726,52.3887275005
2727,55.0476995791
2728,52.648716572
2729,52.4454495938
2730,50.3094618919
2731,53.615399423
2732,51.9288447633
2733,52.3696125562
2734,51.5489021459
2735,54.2900296693
2736,50.8333057294
2737,49.9207242935
2738,48.3904330148
2739,45.3012302135
2740,43.1005022067
2741,44.703803915
2742,44.9833686095
2743,45.1465414344
2744,45.3979932164
2745,44.5469844233
2746,45.0313811037
2747,44.8316306562
2748,45.5384526278
2749,44.3907421551
2750,46.6100244737
2751,44.6772013376
2752,44.7657040817
2753,44.1034806718
2754,43.6699596267
2755,43.9876890898
2756,44.2871309187
2757,45.1189517763
2758,45.3753409347
2759,45.8790332228
2760,45.963043905
2761,46.2293388442
2762,45.4435754223
2763,45.7652967843
2764,45.3986398833
2765,45.2816321994
2766,45.3343969511
2767,45.9461046737
2768,46.5953049675
2769,46.3721836342
2770,45.6947375456
2771,46.0311213044
2772,46.0125046411
2773,45.9617452153
2774,45.5042076978
2775,45.0688856135
2776,45.8123732662
2777,46.0903580935
2778,46.6464420514
2779,46.3485502755
2780,46.6314227421
2781,47.8857148498
2782,48.9898340107
2783,48.6733678674
2784,52.3739105897
2785,47.9922965869
2786,52.3747284317
2787,48.6059695418
2788,52.3393143664
2789,52.3306600955
2790,50.3345834741
2791,54.305300478
2792,50.8740184652
2793,51.6083640162
2794,49.1211114198
2795,50.3489521584
2796,50.5068665045
2797,49.1081840175
2798,51.0272352379
2799,47.789631991
2800,50.0808906241
2801,48.1783618279
2802,50.0412099319
2803,49.1013018441
2804,49.1610903133
2805,45.8384955882
2806,44.3699452206
2807,44.8073884107
2808,45.2263024055
2809,44.6375123704
2810,45.0400535484
2811,44.6367347162
2812,44.9925301309
2813,44.1782295302
2814,42.9962532675
2815,44.1995900943
2816,44.6595148742
2817,44.4300263881
2818,45.0768766405
2819,45.2577533839
2820,43.8806615957
2821,44.1562491533
2822,44.230459814
2823,44.1535852942
2824,44.0433489031
2825,43.0457745418
2826,44.0112740666
2827,44.125988619
2828,44.335147856
2829,44.7124820051
2830,44.214658433
2831,42.6567452222
2832,41.5004082012
2833,42.5261295682
2834,43.7445089784
2835,43.1177529367
2836,43.424833159
2837,43.4932581763
2838,44.4611911971
2839,44.3871443763
2840,44.8788824664
2841,44.2033188722
2842,43.9601593946
2843,42.9425700552
2844,43.3326127211
2845,43.0500321078
2846,43.3236033808
2847,43.6455351359
2848,43.9523172655
2849,42.7977982605
2850,43.2858584412
2851,43.3655907914
2852,43.7058061705
2853,42.9473251768
2854,43.6364836121
2855,43.7497661305
2856,44.2698435182
2857,44.2472860972
2858,44.4497487261
2859,44.2268446837
2860,43.8174253815
2861,43.425638097
2862,43.4052443612
2863,42.7403071374
2864,43.0494422573
2865,43.5808145872
2866,44.205555964
2867,43.6326764931
2868,43.817531965
2869,44.7008359517
2870,43.4126111227
2871,42.791526014
2872,43.3933363422
2873,42.1741978262
2874,41.561017639
2875,41.5642995169
2876,41.8107845297
2877,41.4188014787
2878,42.2937013626
2879,43.5470636977
2880,42.9220474415
2881,42.552385644
2882,43.2082110605
2883,44.0287539383
2884,44.5160255766
2885,44.3047834429
2886,44.5443433424
2887,44.3538020944
2888,45.3680144185
2889,45.2728797845
2890,45.7606486552
2891,45.5951824321
2892,45.4330756312
2893,45.808506589
2894,45.7785682294
2895,45.8009478798
2896,45.5875491942
2897,45.5559734528
2898,45.82483374
2899,46.155664623
2900,46.1861719803
2901,46.4674506863
2902,47.0001751218
2903,46.584450128
2904,46.5238000553
2905,46.3759968587
2906,46.5510568402
2907,46.3301665835
2908,47.1158113078
2909,47.6572717745
2910,47.0395224015
2911,48.398868565
2912,47.6774391872
2913,49.6302881991
2914,47.6584898139
2915,48.5501469489
2916,47.5087107349
2917,47.4488801409
2918,47.567160267
2919,47.4919148114
2920,47.384824065
2921,47.5585409814
2922,47.1816396165
2923,47.1876931565
2924,47.5282911303
2925,46.8030404802
2926,48.3435281045
2927,47.8141378336
2928,48.9109113861
2929,48.3622027709
2930,48.9944816504
2931,48.7969365682
2932,49.1743155863
2933,48.434001821
2934,49.1903279312
2935,47.5483896002
2936,48.4119465536
2937,48.3092489068
2938,49.4148125788
2939,47.3928753912
2940,48.769002236
2941,48.0015604653
2942,49.7745038732
2943,48.6914165096
2944,49.1517695433
2945,48.1693472621
2946,53.5746917027
2947,49.6075332602
2948,53.0999998089
2949,50.4374408548
2950,49.5091076824
2951,49.9573387103
2952,49.7865159774
2953,50.2485633292
2954,48.8840479221
2955,50.2731526998
2956,47.3519572483
2957,50.5069256545
2958,48.6608603649
2959,50.592892447
2960,50.0139029241
2961,50.3466185647
2962,50.4907443368
2963,50.7704058829
2964,50.8055052822
2965,46.5921609886
2966,48.4559243046
2967,47.0027613852
2968,48.4128258752
2969,47.2345399412
2970,47.8099104733
2971,47.5735709882
2972,47.4740153755
2973,47.6124546851
2974,46.868101821
2975,47.3152701874
2976,46.5851757998
2977,46.8383524256
2978,46.8361799017
2979,46.3967424534
2980,46.8953329474
2981,47.1509137871
2982,47.6255886382
2983,48.4484476033
2984,50.1103859718
2985,48.50896379
2986,47.3076625769
2987,47.647909394
2988,47.0740484222
2989,47.5920457225
2990,47.5897185685
2991,47.0643232083
2992,47.5502596395
2993,46.9455678438
2994,48.0134213408
2995,46.6271677404
2996,47.6210575626
2997,46.8645257227
2998,47.6171005659
2999,48.036047558
3000,49.1491440534
3001,48.4402109557
3002,48.2877105612
3003,47.681795315
3004,48.7934731304
3005,51.2580508067
3006,53.0564329678
3007,51.5674039171
3008,53.7935085757
3009,50.8968802832
3010,51.8427567916
3011,50.7196865254
3012,52.8375819933
3013,51.5489992381
3014,53.5205058923
3015,52.2016640672
3016,53.6144636594
3017,52.4856003687
3018,53.0122277662
3019,52.8005718113
3020,51.4760329816
3021,51.8468563408
3022,50.8809989968
3023,53.6132673468
3024,51.754051028
3025,53.2852617292
3026,53.4922253356
3027,55.3390864293
3028,55.2228218634
3029,54.2043396404
3030,55.9882474316
3031,54.2486920276
3032,53.4810820151
3033,52.6974193749
3034,52.4733801888
3035,53.0183304407
3036,48.6737647403
3037,54.3137755851
3038,49.5527154798
3039,52.9044173895
3040,51.1464464879
3041,50.1843022544
3042,49.0004197873
3043,49.7004682126
3044,49.3095382388
3045,49.151036358
3046,48.8688989431
3047,48.4525559681
3048,48.9873617101
3049,49.9916849666
3050,50.135829114
3051,50.3477703741
3052,50.6446296811
3053,50.6344311957
3054,49.953076179
3055,50.6720943579
3056,49.6035943541
3057,50.5061787215
3058,50.0376952308
3059,54.1430974326
3060,51.7300747611
3061,54.2241883307
3062,53.2583243624
3063,53.6111807897
3064,53.3694620657
3065,51.8764907533
3066,52.8700592364
3067,50.3948745891
3068,53.6031928571
3069,50.1919173127
3070,53.9866757095
3071,52.1269105045
3072,54.3955510931
3073,53.7158747255
3074,53.9733623593
3075,53.5205438972
3076,52.8657035055
3077,52.8804490853
3078,53.0033111596
3079,52.3512658874
3080,52.4582465392
3081,52.1158721733
3082,51.8167859697
3083,51.8944765902
3084,51.4667659743
3085,51.6520711729
3086,51.4485223589
3087,51.70152214
3088,54.2329557802
3089,52.1771947355
3090,54.7030438033
3091,52.7863800438
3092,54.5884035852
3093,54.108473408
3094,44.049175122
3095,46.5321617948
3096,44.0047398049
3097,43.115290837
3098,42.7446701583
3099,43.282799744
3100,43.4474946258
3101,42.944035805
3102,41.1433565877
3103,41.023275553
3104,40.9958816077
3105,41.3118443938
3106,42.0129921847
3107,41.4334734655
3108,41.1893176539
3109,40.4064659877
3110,39.8190269993
3111,38.8330605672
3112,38.3864879702
3113,38.6108576503
3114,37.7636248645
3115,36.5109246474
3116,35.7604205363
3117,36.3823288035
3118,37.2922828463
3119,37.4100509881
3120,37.4343908871
3121,37.0999525124
3122,36.6202332149
3123,36.88672414
3124,37.2264012142
3125,37.2896776515
3126,36.8161271617
3127,36.5571832685
3128,36.4318922027
3129,36.2292703806
3130,36.9310521634
3131,37.2142204038
3132,37.6756976293
3133,38.2343462836
3134,38.2252909583
3135,38.3297713741
3136,38.0975976132
3137,37.4866112897
3138,36.7692309328
3139,36.4871046043
3140,36.9647005437
3141,37.3450550964
3142,36.7678369696
3143,36.0605853866
3144,36.3552407672
3145,37.2851620511
3146,37.3856687345
3147,38.4825607587
3148,38.976989715
3149,39.5951176449
3150,39.6114587837
3151,39.5167002207
3152,38.8511830551
3153,38.3290880404
3154,38.1975071922
3155,38.0646584595
3156,38.3059479481
3157,38.7297336804
3158,39.7606793688
3159,39.7795692369
3160,40.7887747116
3161,40.4146836531
3162,40.3077239676
3163,39.3062614972
3164,39.9620323089
3165,40.2527408159
3166,40.3862766233
3167,40.6200843543
3168,40.681900846
3169,40.8544624904
3170,41.0452296708
3171,41.3604999352
3172,40.9797499443
3173,41.3625342986
3174,41.2621462563
3175,41.4667969839
3176,41.5911627886
3177,41.5084554423
3178,40.8800586081
3179,41.0848407158
3180,40.1037793134
3181,39.64300574
3182,39.8135256748
3183,39.5010814311
3184,39.2806642718
3185,38.779531334
3186,38.6893617458
3187,39.0484018896
3188,39.7724206604
3189,39.9118678829
3190,39.3157287066
3191,39.4971294127
3192,39.0344355082
3193,39.3439326063
3194,39.108262655
3195,39.9210719918
3196,40.7946087542
3197,41.1438149582
3198,41.0466396834
3199,41.9168290233
3200,43.1727095688
3201,43.3013057871
3202,43.7092953936
3203,43.5523050091
3204,43.6117939176
3205,43.3445105729
3206,43.2972693412
3207,43.6381801029
3208,43.3568893259
3209,43.492127591
3210,43.7238067572
3211,43.9735523687
3212,44.1947324193
3213,44.3843896511
3214,44.4085798177
3215,44.5760190749
3216,44.6099441914
3217,44.7587069503
3218,44.0895912403
3219,44.0687170996
3220,43.9717285
3221,44.8945523845
3222,45.4312779762
3223,45.7037221423
3224,45.1345912607
3225,45.4093113708
3226,45.4396622661
3227,45.40320547
3228,45.54068644
3229,45.490178468
3230,45.3835174944
3231,45.5483235493
3232,45.7493086182
3233,45.5334184874
3234,45.8093051215
3235,45.9945103568
3236,45.9052322164
3237,45.990216064
3238,45.7523888295
3239,45.6555285364
3240,45.1183602146
3241,45.4112884718
3242,45.6236759616
3243,45.4735707543
3244,44.8791423911
3245,44.657289044
3246,44.6942327593
3247,44.631909644
3248,44.4347205634
3249,44.2916797865
3250,44.4421174342
3251,44.5339177573
3252,44.612386687
3253,44.7403821948
3254,44.5467954973
3255,45.0567727699
3256,45.081554895
3257,45.2555477767
3258,45.632883434
3259,46.1559151618
3260,46.0611671646
3261,46.1909026451
3262,45.9025982845
3263,45.7775468727
3264,45.1333418014
3265,45.4646589078
3266,45.5949879407
3267,45.6748574054
3268,45.7866749852
3269,45.5890031429
3270,45.4784496284
3271,45.6216928144
3272,45.552447065
3273,45.0489314557
3274,45.4159066554
3275,45.1921766203
3276,44.6369107441
3277,44.7234511175
3278,44.9733891891
3279,45.7999219878
3280,45.1217242768
3281,45.6536850752
3282,45.3522942023
3283,45.2448367695
3284,45.5648765187
3285,44.785727648
3286,44.9847038668
3287,45.6114876643
3288,44.61009375
3289,44.4944276413
3290,44.3886489686
3291,44.2858340953
3292,44.1894619455
3293,44.0409586451
3294,44.3561055781
3295,44.1964479014
3296,44.3226656851
3297,44.539301451
3298,44.9043623193
3299,45.061677054
3300,46.1226826081
3301,45.8799164503
3302,46.317658346
3303,46.2459145319
3304,46.8683962245
3305,46.154516751
3306,46.6681235364
3307,46.1498595084
3308,46.3046503705
3309,46.9141908509
3310,47.1578961493
3311,46.3550922549
3312,47.1061395003
3313,47.5009147865
3314,47.5848428753
3315,47.3114995916
3316,47.418655993
3317,46.7657518052
3318,46.7631405533
3319,46.026767225
3320,46.1541184908
3321,45.8849604706
3322,45.8823873061
3323,46.2856845538
3324,46.6661265693
3325,47.232730198
3326,46.6932511772
3327,47.1870577524
3328,47.1885167711
3329,47.3638970928
3330,47.461490119
3331,47.6010459536
3332,47.1409216691
3333,48.5159290082
3334,47.9105541493
3335,48.635238963
3336,47.8094688934
3337,48.0432965049
3338,47.9592976995
3339,47.877911796
3340,48.5430918181
3341,48.5259265838
3342,48.190361854
3343,48.7317837838
3344,48.5946250993
3345,48.2254883364
3346,50.1822168807
3347,49.368563522
3348,51.7017997636
3349,50.6197719054
3350,52.9723097561
3351,51.6800720299
3352,53.6956937364
3353,52.1835447496
3354,53.6467420737
3355,53.4717890132
3356,53.9874446945
3357,53.4098610552
3358,53.8468535819
3359,55.0044949289
3360,55.164087895
3361,54.1108406338
3362,56.4611289847
3363,54.974095681
3364,55.9987114048
3365,55.9261855545
3366,56.9067666363
3367,56.3738506758
3368,56.1225269883
3369,55.467611311
3370,56.005597786
3371,55.3831134932
3372,56.0426199114
3373,55.4626832158
3374,56.0241428494
3375,55.0774889414
3376,54.3795276871
3377,54.1538428478
3378,53.9912745695
3379,54.280828272
3380,54.3506208934
3381,54.7661873999
3382,53.6260413153
3383,55.0985311433
3384,54.4492823815
3385,54.0343647889
3386,55.5471813676
3387,53.9027477671
3388,57.5338037273
3389,56.1696376742
3390,56.0547006352
3391,55.8855023207
3392,55.3657641432
3393,55.6676631006
3394,55.7761756577
3395,56.1986002184
3396,56.6987395394
3397,56.4547273261
3398,57.1903461066
3399,57.5069946382
3400,57.3127331861
3401,56.9040545518
3402,56.8152193697
3403,57.1570394791
3404,57.5171346101
3405,57.7379593135
3406,57.5180055363
3407,57.053205557
3408,57.986640742
3409,57.8791473604
3410,58.6278529751
3411,57.7402828125
3412,58.1338157735
3413,57.154714763
3414,56.2642232426
3415,55.4997984056
3416,55.3302400552
3417,53.6479382059
3418,51.4028074693
3419,50.6383179425
3420,48.3163145442
3421,47.5706276001
3422,45.881892625
3423,46.7703318767
3424,45.7100432533
3425,48.1435172272
3426,47.7292804788
3427,48.3024793714
3428,48.3998124821
3429,47.0796729748
3430,46.650936819
3431,47.3877290688
3432,46.5619067587
3433,48.7790704246
3434,48.0772181154
3435,47.3539882421
3436,49.6569653737
3437,49.1709683433
3438,51.7050974225
3439,50.4879163243
3440,48.7428680156
3441,47.1096450187
3442,50.9756365406
3443,49.6199921401
3444,49.5557843269
3445,47.6016614867
3446,49.0080848496
3447,48.7928861994
3448,51.621166848
3449,51.4255852096
3450,51.6024962788
3451,51.6918915451
3452,52.8331760435
3453,47.4099058656
3454,49.5067740858
3455,48.1754612656
3456,52.750809758
3457,51.8028692033
3458,53.2379395679
3459,51.1501115074
3460,51.3323778499
3461,47.5798088656
3462,50.6451232476
3463,48.8643304477
3464,51.9023185027
3465,51.6897989266
3466,53.7834614642
3467,52.0055876896
3468,50.722224193
3469,52.6186345729
3470,49.8282978537
3471,50.7458775578
3472,50.9369627381
3473,48.7594792974
3474,50.398616692
3475,49.5992214541
3476,50.9711590252
3477,49.2829351064
3478,53.4386815982
3479,50.2556360689
3480,50.81763081
3481,48.4362459766
3482,50.2370698313
3483,50.0815569125
3484,49.5876426858
3485,48.572570366
3486,50.6375427909
3487,47.9022860544
3488,49.1244291837
3489,48.7914632743
3490,49.4633823099
3491,48.6891996502
3492,49.5728188252
3493,47.9609464159
3494,46.4710307521
3495,45.6636340039
3496,45.1701713266
3497,44.6137426295
3498,44.1996828645
3499,44.5879599431
3500,45.0419879797
3501,46.2784242199
3502,46.3953523726
3503,47.4145073397
3504,46.8201090208
3505,46.8828300988
3506,46.5833927409
3507,46.1659962656
3508,45.7355704679
3509,46.0792580328
3510,45.6545207515
3511,45.3731111055
3512,44.9057093915
3513,45.0269384288
3514,44.8787458662
3515,44.4681126334
3516,45.2207761226
3517,45.3941697413
3518,45.8070295489
3519,45.6611884226
3520,45.5852871865
3521,45.497116026
3522,45.6334627548
3523,45.8931227603
3524,45.9892909575
3525,45.7335913693
3526,45.7065667178
3527,45.8917643838
3528,45.8198956323
3529,45.8068423077
3530,46.505231361
3531,46.6344931149
3532,47.2365409779
3533,47.0361197734
3534,47.0993249438
3535,47.9913232889
3536,47.5046955429
3537,49.3224375504
3538,47.9501306183
3539,51.9621195884
3540,50.3886149209
3541,51.0733502982
3542,51.4495667516
3543,52.062029067
3544,52.9594847548
3545,53.445599306
3546,53.4858928254
3547,53.7473497658
3548,53.4368255818
3549,54.2499164405
3550,52.7210743782
3551,55.0002721107
3552,53.17228669
3553,54.7909079855
3554,53.8092970796
3555,54.2579634213
3556,53.9822959573
3557,52.6863112384
3558,53.5408987094
3559,53.2963136542
3560,54.2454740963
3561,55.4592090476
3562,54.8820454609
3563,55.7863955137
3564,55.2613072025
3565,55.5254986414
3566,54.6018672518
3567,55.2791635016
3568,55.4073398281
3569,57.0670637713
3570,56.2845147841
3571,57.1595010833
3572,57.3281398206
3573,57.4502711597
3574,57.5636904787
3575,57.6624248121
3576,57.0555712537
3577,57.5771079124
3578,56.9648825037
3579,57.4468568596
3580,57.4928765817
3581,57.8348047444
3582,58.0051696574
3583,57.142389054
3584,57.79686581
3585,57.4748887751
3586,57.8749849634
3587,57.7663303723
3588,57.2718306918
3589,57.0915243318
3590,56.1776232549
3591,56.4163531752
3592,56.0819841755
3593,56.6979533355
3594,53.396416411
3595,52.3802517895
3596,51.4686478675
3597,51.5478352776
3598,50.7367520316
3599,49.2979996434
3600,51.1387211304
3601,51.0532907334
3602,51.4402553269
3603,51.2641512556
3604,51.3356590094
3605,51.8273694112
3606,52.0158645615
3607,52.3918163667
3608,51.5334042428
3609,50.7526216592
3610,50.7368058546
3611,50.0786151991
3612,51.0562483625
3613,49.7121011634
3614,49.7300113834
3615,48.9949396917
3616,49.2019199487
3617,48.074302081
3618,47.9500312167
3619,47.1009242474
3620,48.3523739322
3621,46.9197483022
3622,48.085377208
3623,47.4085054207
3624,48.017579544
3625,46.8399664712
3626,47.2511729528
3627,46.0926901081
3628,46.3972681784
3629,45.9092073363
3630,46.6512459986
3631,46.7109444334
3632,46.5256908253
3633,46.9267822333
3634,46.1806450255
3635,46.6259440118
3636,46.0151398012
3637,45.8846199098
3638,45.7588094364
3639,46.955303832
3640,47.1402329386
3641,47.7250757104
3642,47.3258437911
3643,47.6780379796
3644,47.2067965367
3645,47.3152716389
3646,47.7345394606
3647,47.9943480837
3648,49.7498600589
3649,49.3941261733
3650,51.003107631
3651,49.1857596315
3652,50.7812154652
3653,50.4833951778
3654,49.6453016332
3655,50.2706538646
3656,49.8090213564
3657,51.0584934458
3658,51.5645077282
3659,53.2276665192
3660,54.436048887
3661,53.2779333032
3662,53.5665177203
3663,52.3181535156
3664,54.6052519998
3665,54.581747139
3666,56.4278888811
3667,57.2740196551
3668,57.1393424249
3669,56.7550640694
3670,56.7680263034
3671,56.6585537851
3672,57.4547259268
3673,56.513103291
3674,57.5547618542
3675,56.7307276883
3676,57.1147475017
3677,56.8106548107
3678,57.4184168209
3679,57.2312901656
3680,57.8809579815
3681,57.1190266683
3682,57.3495034115
3683,57.0704796025
3684,57.1940367549
3685,56.609489977
3686,56.5618847479
3687,56.7462770894
3688,56.9938131922
3689,56.7420094053
3690,56.8019021434
3691,57.0122907861
3692,56.9428647888
3693,57.0666372089
3694,57.2986782492
3695,57.6245911325
3696,57.7692797972
3697,57.8635899293
3698,58.4339528663
3699,58.4707492052
3700,59.024432501
3701,58.6432294989
3702,59.1126866019
3703,59.6279783191
3704,59.0632353413
3705,59.8233876801
3706,58.6949109531
3707,60.4398494247
3708,58.9467308606
3709,58.9332984182
3710,59.1248292628
3711,59.1127542328
3712,58.920942596
3713,59.3230197611
3714,59.7019517414
3715,60.5070004292
3716,60.2049322513
3717,60.3797842073
3718,59.2125745303
3719,59.6862416373
3720,59.6810602706
3721,59.3821458881
3722,59.6181089165
3723,60.2287195118
3724,59.8101025133
3725,61.7929688702
3726,60.5041076674
3727,60.6971307558
3728,60.2416855754
3729,60.8972582583
3730,60.3123481608
3731,60.9871971249
3732,61.6850279382
3733,62.9721314506
3734,63.2941538321
3735,63.9117941073
3736,64.3304058013
3737,64.180821599
3738,63.350159442
3739,63.514126438
3740,63.7138476801
3741,64.5649998994
3742,63.854556674
3743,64.3194890237
3744,64.7884747916
3745,64.7192263375
3746,64.7077235923
3747,64.678671578
3748,65.866227027
3749,64.8886202
3750,64.2690589928
3751,64.5504482542
3752,64.5946533804
3753,64.8275109257
3754,64.2767784495
3755,64.2297505066
3756,63.840798562
3757,63.8997556158
3758,64.1866059944
3759,64.4247146027
3760,64.642129155
3761,64.65733957
3762,64.3557393157
3763,64.724669447
3764,65.051059836
3765,65.3498020318
3766,65.141810124
3767,65.6074020629
3768,65.4050883844
3769,65.3642659622
3770,65.0001806943
3771,64.8799011879
3772,64.5508551088
3773,65.4656638799
3774,65.7495338237
3775,65.8869461744
3776,66.0146805956
3777,66.3550747244
3778,66.123451321
3779,66.3880698328
3780,66.4644189835
3781,66.6391769592
3782,65.9669621455
3783,65.3000560567
3784,65.1956400385
3785,65.5091845976
3786,65.4083172494
3787,65.2250330936
3788,64.9501408535
3789,65.821089665
3790,66.037383268
3791,65.6708050245
3792,65.6249181502
3793,65.9273276734
3794,65.9086987642
3795,66.2275052581
3796,66.4787346652
3797,66.4674266529
3798,66.7338963551
3799,66.4391886689
3800,66.5652816223
3801,66.5441786074
3802,66.5643909705
3803,66.2190042725
3804,66.1611615118
3805,66.113072951
3806,66.1009693417
3807,65.6157549692
3808,65.1745267921
3809,65.4987778036
3810,65.6837219146
3811,65.2558844039
3812,65.5519019034
3813,65.5771682844
3814,66.1323020218
3815,66.6635236648
3816,67.3956855807
3817,67.8613198242
3818,67.6391519236
3819,67.6939271394
3820,67.9040161704
3821,67.344510735
3822,67.7058656914
3823,67.702803512
3824,67.0892699794
3825,67.1133921477
3826,67.5874459388
3827,67.5925414375
3828,67.9999304969
3829,68.8362781401
3830,69.0860144088
3831,69.0335626084
3832,69.9656662988
3833,70.4637323509
3834,70.6002380592
3835,70.2774612901
3836,69.581412485
3837,68.4388359168
3838,68.373998054
3839,68.2814794077
3840,68.7812330419
3841,69.4366081605
3842,69.6747561483
3843,69.7157691716
3844,68.8058092462
3845,68.4695442865
3846,68.5101649011
3847,67.3970368713
3848,67.1406668654
3849,67.4066192517
3850,67.8455247763
3851,67.7678275314
3852,67.2238320078
3853,67.7275965866
3854,68.3558110448
3855,67.6563082859
3856,67.1476660913
3857,68.9257676918
3858,68.3634808943
3859,66.1709154109
3860,66.6634859233
3861,68.8784686665
3862,69.1634479847
3863,68.5309734275
3864,68.5868772583
3865,68.5914992685
3866,68.5581848465
3867,70.0173945245
3868,70.8971658751
3869,70.9947775197
3870,71.0026275561
3871,70.0092691729
3872,70.0564027839
3873,70.120680323
3874,69.9777741172
3875,69.4824870755
3876,69.7753567906
3877,68.561690505
3878,68.2233804423
3879,67.7146577714
3880,67.4229632634
3881,68.2408055196
3882,68.5783435574
3883,68.1019428317
3884,68.6454225291
3885,68.2060461511
3886,69.068008999
3887,69.5238398258
3888,69.3046890149
3889,69.2132025725
3890,67.8571889798
3891,67.2701901397
3892,67.9645921746
3893,68.5442325271
3894,68.5373169938
3895,68.6773109111
3896,68.1871904432
3897,67.9907447698
3898,68.4846522182
3899,68.3620079681
3900,68.240895161
3901,68.7272770462
3902,69.7307998561
3903,70.0808972739
3904,70.4237591867
3905,70.9626916924
3906,71.0414942741
3907,71.0869963488
3908,71.2567948851
3909,71.6485742847
3910,71.4619945682
3911,71.8489938094
3912,72.0288540027
3913,72.0336824541
3914,71.5841945503
3915,71.1940141654
3916,71.2712132357
3917,71.2609336243
3918,71.5937978861
3919,71.59813691
3920,68.6663187537
3921,68.6516819044
3922,69.5528545407
3923,70.7456083165
3924,70.4113026929
3925,71.2422661628
